,date,description,amount
0,2023-05-20,DEBIT CARD PURCHASE SQ *LITTLE NIC         West Melbour,4.35
1,2023-05-21,DEBIT CARD PURCHASE SQ *PAUSE & SIP BY WHI Melbourne,4.44
2,2023-05-22,DEBIT CARD PURCHASE SQ *BRUNETTI ORO FLIND Melbourne,5.97
3,2023-05-23,DEBIT CARD PURCHASE POSTAL HALL MELBOURNE,5.5
4,2023-05-23,DEBIT CARD PURCHASE MARKET ORGANICS PT MELBOURNE,18.3
5,2023-05-24,DEBIT CARD PURCHASE SQ *LE MIEL ET LA LUNE Carlton,4.59
6,2023-05-24,EFTPOS DEBIT 0000000 MYKI MELBOURNE,90.0
7,2023-05-25,DEBIT CARD PURCHASE SQ *BRUNETTI ORO FLIND Melbourne,5.97
8,2023-05-25,DEBIT CARD PURCHASE Spotify Sydney,18.99
9,2023-05-26,DEBIT CARD PURCHASE Cabin Coffee and Deli Hampton,4.5
10,2023-05-26,DEBIT CARD PURCHASE HELLENIC DELI MELBOURNE,20.04
11,2023-05-27,DEBIT CARD PURCHASE PROFESSORS WALK CAFE PARKVILLE,4.6
12,2023-05-28,DEBIT CARD PURCHASE Cabin Coffee and Deli Hampton,4.5
13,2023-05-28,DEBIT CARD PURCHASE FOOD FACTORY MELBOURNE,25.24
14,2023-05-29,DEBIT CARD PURCHASE SQ *BOURKE AND WILLS Melbourne,4.57
15,2023-05-30,DEBIT CARD PURCHASE SQ *ST. ALI CANTEEN Melbourne,5.5
16,2023-05-31,DEBIT CARD PURCHASE Timber and Greens Collingwood,4.5
17,2023-06-01,DEBIT CARD PURCHASE PROFESSORS WALK CAFE PARKVILLE,4.6
18,2023-06-02,DEBIT CARD PURCHASE Carl Timber+Greens Carlton,4.38
19,2023-06-02,DEBIT CARD PURCHASE KOWLOON GROUP CITY PTY MELBOURNE,19.62
20,2023-06-03,DEBIT CARD PURCHASE KIT ESPRESSO GROUP PTY MELBOURNE,5.0
21,2023-06-04,DEBIT CARD PURCHASE POSTAL HALL MELBOURNE,5.5
22,2023-06-05,DEBIT CARD PURCHASE KIT ESPRESSO GROUP PTY MELBOURNE,5.0
23,2023-06-05,DEBIT CARD PURCHASE THAI SOCIAL EMPORIUM BENTLEIGH,16.2
24,2023-06-05,DEBIT CARD PURCHASE JB HI FI ELIZABETH S MELBOURNE,39.95
25,2023-06-06,DEBIT CARD PURCHASE ZANE COFFEE            SOUTH MORANG,4.0
26,2023-06-06,DEBIT CARD PURCHASE TERMINUS HOTEL AUSTRALIA,29.92
27,2023-06-07,DEBIT CARD PURCHASE ZLR*Queen's Harvest Melbourne,3.96
28,2023-06-08,DEBIT CARD PURCHASE SQ *COMMONPLACE COFFEE Melbourne,5.0
29,2023-06-09,DEBIT CARD PURCHASE EMPORIUM ESPRESSO PL MELBOURNE,5.3
30,2023-06-09,DEBIT CARD PURCHASE SAMSAM CHICKEN SWANSTO MELBOURNE,21.15
31,2023-06-10,DEBIT CARD PURCHASE SQ *DUKES COFFEE ROAST Melbourne,5.0
32,2023-06-10,DEBIT CARD PURCHASE MINISO MELB CENTRAL MELBOURNE,14.99
33,2023-06-11,DEBIT CARD PURCHASE The Journal Cafe Melbourne,5.99
34,2023-06-11,DEBIT CARD PURCHASE INDUSTRYBEANS Fitzroy,8.11
35,2023-06-11,DEBIT CARD PURCHASE MATE COMMUNICATE PTY,75.0
36,2023-06-12,DEBIT CARD PURCHASE SQ *ROSSO ESPRESSO BAR Melbourne,4.5
37,2023-06-12,DEBIT CARD PURCHASE King and Godfree Carlton,20.3
38,2023-06-12,DEBIT CARD PURCHASE MARKET ORGANICS PT MELBOURNE,18.3
39,2023-06-13,DEBIT CARD PURCHASE SQ *COFFEE HQ PTY LTD Melbourne,4.55
40,2023-06-14,DEBIT CARD PURCHASE SQ *LITTLE NIC         West Melbour,4.35
41,2023-06-14,EFTPOS DEBIT 0000000 THAI SOCIAL MELBOURNE,18.17
42,2023-06-15,DEBIT CARD PURCHASE SQ *PUZZLE COFFEE Melbourne,5.06
43,2023-06-15,DEBIT CARD PURCHASE D O C ESPRESSO CARLTON,30.95
44,2023-06-15,PAYMENT BY AUTHORITY TO Vodafone Aus,64.99
45,2023-06-16,DEBIT CARD PURCHASE SQ *COMMONPLACE COFFEE Melbourne,5.0
46,2023-06-17,DEBIT CARD PURCHASE DR DAX KITCHEN Parkville,4.26
47,2023-06-18,DEBIT CARD PURCHASE SQ *PUZZLE COFFEE Melbourne,5.06
48,2023-06-18,DEBIT CARD PURCHASE SQ *MARKET LANE COFFEE South Melbou,6.0
49,2023-06-18,DEBIT CARD PURCHASE UBER   *TRIP,35.1
50,2023-06-19,DEBIT CARD PURCHASE AXILCOFFEE.COM.AU MELBOURNE,5.21
51,2023-06-20,DEBIT CARD PURCHASE SQ *DROPOUT CHAIWALA Melbourne,5.01
52,2023-06-21,DEBIT CARD PURCHASE EMPORIUM ESPRESSO PL MELBOURNE,5.3
53,2023-06-21,DEBIT CARD PURCHASE KHAO MAN GAI RESTAURAN AUSTRALIA,20.85
54,2023-06-21,DEBIT CARD PURCHASE ZLR*Deep Blue Seafood Melbourne,11.11
55,2023-06-22,DEBIT CARD PURCHASE Cabin Coffee and Deli Hampton,4.5
56,2023-06-23,DEBIT CARD PURCHASE CATHEDRAL COFFEE MELBOURNE,4.5
57,2023-06-23,DEBIT CARD PURCHASE SQ *PONDOK REMPAH Melbourne,20.07
58,2023-06-24,DEBIT CARD PURCHASE ZLR*Queen's Harvest Melbourne,3.96
59,2023-06-24,DEBIT CARD PURCHASE HELLENIC DELI MELBOURNE,20.04
60,2023-06-25,DEBIT CARD PURCHASE SQ *BRUNETTI ORO FLIND Melbourne,5.97
61,2023-06-25,DEBIT CARD PURCHASE WOOLWORTHS      0000 STH MELBOURN,9.38
62,2023-06-25,DEBIT CARD PURCHASE Spotify Sydney,18.99
63,2023-06-26,DEBIT CARD PURCHASE KIT ESPRESSO GROUP PTY MELBOURNE,5.0
64,2023-06-27,DEBIT CARD PURCHASE SQ *PAUSE & SIP BY WHI Melbourne,4.44
65,2023-06-28,DEBIT CARD PURCHASE AXILCOFFEE.COM.AU MELBOURNE,5.21
66,2023-06-28,DEBIT CARD PURCHASE Kariton Sorbetes Melbourne,6.89
67,2023-06-28,DEBIT CARD PURCHASE Readings Hawthorn,49.98
68,2023-06-29,DEBIT CARD PURCHASE ZLR*Queen's Harvest Melbourne,3.96
69,2023-06-29,DEBIT CARD PURCHASE OFFICEWORKS 0000 MELBOURNE,49.66
70,2023-06-30,DEBIT CARD PURCHASE KIT ESPRESSO GROUP PTY MELBOURNE,5.0
71,2023-06-30,DEBIT CARD PURCHASE AMPOL,10.4
72,2023-07-01,DEBIT CARD PURCHASE SQ *BRUNETTI ORO FLIND Melbourne,5.97
73,2023-07-02,DEBIT CARD PURCHASE KIT ESPRESSO GROUP PTY MELBOURNE,5.0
74,2023-07-02,DEBIT CARD PURCHASE AP ST KILDA ROAD PS MELBOURNE,19.95
75,2023-07-03,DEBIT CARD PURCHASE Carl Timber+Greens Carlton,4.38
76,2023-07-03,DEBIT CARD PURCHASE WOOLWORTHS      0000 STH MELBOURN,9.38
77,2023-07-04,DEBIT CARD PURCHASE The league of honest c Melbourne,4.75
78,2023-07-04,DEBIT CARD PURCHASE Nasi Lemak House Carlton,19.59
79,2023-07-05,DEBIT CARD PURCHASE Timber and Greens Collingwood,4.5
80,2023-07-05,DEBIT CARD PURCHASE D AND C APOLLOWINGS PT MELBOURNE,18.87
81,2023-07-05,DEBIT CARD PURCHASE ALDI STORES - ALFREDTO ALFREDTON,63.55
82,2023-07-06,DEBIT CARD PURCHASE SQ *LE MIEL ET LA LUNE Carlton,4.59
83,2023-07-06,DEBIT CARD PURCHASE THE CORNER LARDER MELBOURNE,12.03
84,2023-07-07,DEBIT CARD PURCHASE The Journal Cafe Melbourne,5.99
85,2023-07-07,EFTPOS DEBIT 0000000 SQ *DROPOUT CHAIWALA Melbourne,6.5
86,2023-07-08,DEBIT CARD PURCHASE Timber and Greens Collingwood,4.5
87,2023-07-08,DEBIT CARD PURCHASE D O C ESPRESSO CARLTON,30.95
88,2023-07-09,DEBIT CARD PURCHASE SQ *PUZZLE COFFEE Melbourne,5.06
89,2023-07-09,DEBIT CARD PURCHASE PHO GANH MELBOURNE,19.36
90,2023-07-09,DEBIT CARD PURCHASE Readings Hawthorn,49.98
91,2023-07-10,DEBIT CARD PURCHASE ZANE COFFEE            SOUTH MORANG,4.0
92,2023-07-11,DEBIT CARD PURCHASE CATHEDRAL COFFEE MELBOURNE,4.5
93,2023-07-11,DEBIT CARD PURCHASE SUSHI HUB SWANSTON MELBOURNE,12.4
94,2023-07-11,DEBIT CARD PURCHASE MATE COMMUNICATE PTY,75.0
95,2023-07-12,DEBIT CARD PURCHASE SQ *COMMONPLACE COFFEE Melbourne,5.0
96,2023-07-12,DEBIT CARD PURCHASE JB HI FI BOURKE STRE MELBOURNE,96.48
97,2023-07-13,DEBIT CARD PURCHASE SQ *COFFEE HQ PTY LTD Melbourne,4.55
98,2023-07-14,DEBIT CARD PURCHASE SQ *DROPOUT CHAIWALA Melbourne,5.01
99,2023-07-15,DEBIT CARD PURCHASE Cabin Coffee and Deli Hampton,4.5
100,2023-07-15,PAYMENT BY AUTHORITY TO Vodafone Aus,64.99
101,2023-07-16,DEBIT CARD PURCHASE SQ *ST. ALI CANTEEN Melbourne,5.5
102,2023-07-16,DEBIT CARD PURCHASE MARKET ORGANICS PT MELBOURNE,18.3
103,2023-07-17,DEBIT CARD PURCHASE SQ *COMMONPLACE COFFEE Melbourne,5.0
104,2023-07-17,DEBIT CARD PURCHASE SUSHI HUB SWANSTON MELBOURNE,12.4
105,2023-07-18,DEBIT CARD PURCHASE SQ *COFFEE HQ PTY LTD Melbourne,4.55
106,2023-07-19,DEBIT CARD PURCHASE SQ *ST. ALI CANTEEN Melbourne,5.5
107,2023-07-19,DEBIT CARD PURCHASE Nasi Lemak House Carlton,19.59
108,2023-07-20,DEBIT CARD PURCHASE UPSTANDING CITIZENS MELBOURNE,4.55
109,2023-07-21,DEBIT CARD PURCHASE Cabin Coffee and Deli Hampton,4.5
110,2023-07-22,DEBIT CARD PURCHASE SQ *THE STUDIO BEANS C Carlton,5.0
111,2023-07-23,DEBIT CARD PURCHASE SQ *DUKES COFFEE ROAST Melbourne,5.0
112,2023-07-23,EFTPOS DEBIT 0000000 UBER* TRIP,21.6
113,2023-07-24,DEBIT CARD PURCHASE The Journal Cafe Melbourne,5.99
114,2023-07-24,EFTPOS DEBIT 0000000 SMP*Jagos Quality Me atMelbourne03,16.26
115,2023-07-25,DEBIT CARD PURCHASE SQ *ST. ALI CANTEEN Melbourne,5.5
116,2023-07-25,DEBIT CARD PURCHASE PACOS TACOS RINGWOOD,35.65
117,2023-07-25,DEBIT CARD PURCHASE VIC MEAT SUPPLY P/L MELBOURNE,12.0
118,2023-07-25,DEBIT CARD PURCHASE Spotify Sydney,18.99
119,2023-07-26,DEBIT CARD PURCHASE UPSTANDING CITIZENS MELBOURNE,4.55
120,2023-07-27,DEBIT CARD PURCHASE SQ *PAUSE & SIP BY WHI Melbourne,4.44
121,2023-07-27,DEBIT CARD PURCHASE FOOD FACTORY MELBOURNE,25.24
122,2023-07-27,DEBIT CARD PURCHASE AMPOL,10.4
123,2023-07-28,DEBIT CARD PURCHASE KIT ESPRESSO GROUP PTY MELBOURNE,5.0
124,2023-07-29,DEBIT CARD PURCHASE SQ *COMMONPLACE COFFEE Melbourne,5.0
125,2023-07-29,DEBIT CARD PURCHASE THE TERRACE MELBOURNE,48.4
126,2023-07-30,DEBIT CARD PURCHASE ONA Coffee Melbourne Brunswick,5.84
127,2023-07-31,DEBIT CARD PURCHASE SQ *DROPOUT CHAIWALA Melbourne,5.01
128,2023-07-31,DEBIT CARD PURCHASE Tim Ho Wan Melbourne Melbourne,24.81
129,2023-08-01,DEBIT CARD PURCHASE SQ *LE MIEL ET LA LUNE Carlton,4.59
130,2023-08-02,DEBIT CARD PURCHASE SQ *ROSSO ESPRESSO BAR Melbourne,4.5
131,2023-08-02,DEBIT CARD PURCHASE Uniqlo Australia Pty L Melbourne,99.85
132,2023-08-03,DEBIT CARD PURCHASE SQ *DROPOUT CHAIWALA Melbourne,5.01
133,2023-08-04,DEBIT CARD PURCHASE AXIL COFFEE Melbourne,5.15
134,2023-08-05,DEBIT CARD PURCHASE SQ *LE MIEL ET LA LUNE Carlton,4.59
135,2023-08-06,DEBIT CARD PURCHASE EMPORIUM ESPRESSO PL MELBOURNE,5.3
136,2023-08-06,DEBIT CARD PURCHASE SQ *MARKET LANE COFFEE South Melbou,6.0
137,2023-08-07,DEBIT CARD PURCHASE SQ *ST. ALI CANTEEN Melbourne,5.5
138,2023-08-08,DEBIT CARD PURCHASE SQ *DROPOUT CHAIWALA Melbourne,5.01
139,2023-08-08,DEBIT CARD PURCHASE AMPOL,10.4
140,2023-08-09,DEBIT CARD PURCHASE PROFESSORS WALK CAFE PARKVILLE,4.6
141,2023-08-09,DEBIT CARD PURCHASE KOWLOON GROUP CITY PTY MELBOURNE,19.62
142,2023-08-09,DEBIT CARD PURCHASE THE CORNER LARDER MELBOURNE,12.03
143,2023-08-10,DEBIT CARD PURCHASE MILKY JOE'S MELBOURNE,4.3
144,2023-08-10,DEBIT CARD PURCHASE THE CORNER LARDER MELBOURNE,12.03
145,2023-08-11,DEBIT CARD PURCHASE SQ *ST. ALI CANTEEN Melbourne,5.5
146,2023-08-11,EFTPOS DEBIT 0000000 UBER* TRIP,21.6
147,2023-08-11,DEBIT CARD PURCHASE MATE COMMUNICATE PTY,75.0
148,2023-08-12,DEBIT CARD PURCHASE SQ *PUZZLE COFFEE Melbourne,5.06
149,2023-08-12,DEBIT CARD PURCHASE DELHI STREETS MELBOURNE,20.0
150,2023-08-13,DEBIT CARD PURCHASE The league of honest c Melbourne,4.75
151,2023-08-14,DEBIT CARD PURCHASE POSTAL HALL MELBOURNE,5.5
152,2023-08-15,DEBIT CARD PURCHASE PROFESSORS WALK CAFE PARKVILLE,4.6
153,2023-08-15,PAYMENT BY AUTHORITY TO Vodafone Aus,64.99
154,2023-08-16,DEBIT CARD PURCHASE In a Rush Melbourne,4.56
155,2023-08-16,DEBIT CARD PURCHASE SQ *MISOYA SAKE BAR BR Brunswick,23.83
156,2023-08-17,DEBIT CARD PURCHASE AXILCOFFEE.COM.AU MELBOURNE,5.21
157,2023-08-18,DEBIT CARD PURCHASE SQ *BENCH COFFEE CO. R Brunswick,5.0
158,2023-08-18,DEBIT CARD PURCHASE MARKET ORGANICS PT MELBOURNE,18.3
159,2023-08-19,DEBIT CARD PURCHASE SQ *THE STUDIO BEANS C Carlton,5.0
160,2023-08-20,DEBIT CARD PURCHASE Cabin Coffee and Deli Hampton,4.5
161,2023-08-20,DEBIT CARD PURCHASE WONTON HOUSE GLEN WAVE Glen Waverle,12.99
162,2023-08-20,DEBIT CARD PURCHASE MARKET ORGANICS PT MELBOURNE,18.3
163,2023-08-21,DEBIT CARD PURCHASE AXIL COFFEE Melbourne,5.15
164,2023-08-21,DEBIT CARD PURCHASE VIC MEAT SUPPLY P/L MELBOURNE,12.0
165,2023-08-22,DEBIT CARD PURCHASE The Journal Cafe Melbourne,5.99
166,2023-08-22,DEBIT CARD PURCHASE MARKET ORGANICS PT MELBOURNE,18.3
167,2023-08-23,DEBIT CARD PURCHASE SQ *THE STUDIO BEANS C Carlton,5.0
168,2023-08-24,DEBIT CARD PURCHASE SQ *BOURKE AND WILLS Melbourne,4.57
169,2023-08-25,DEBIT CARD PURCHASE The Journal Cafe Melbourne,5.99
170,2023-08-25,DEBIT CARD PURCHASE Spotify Sydney,18.99
171,2023-08-26,DEBIT CARD PURCHASE Timber and Greens Collingwood,4.5
172,2023-08-26,DEBIT CARD PURCHASE FOOD FACTORY MELBOURNE,25.24
173,2023-08-27,DEBIT CARD PURCHASE KIT ESPRESSO GROUP PTY MELBOURNE,5.0
174,2023-08-27,DEBIT CARD PURCHASE Nasi Lemak House Carlton,19.59
175,2023-08-28,DEBIT CARD PURCHASE AXIL COFFEE Melbourne,5.15
176,2023-08-29,DEBIT CARD PURCHASE In a Rush Melbourne,4.56
177,2023-08-30,DEBIT CARD PURCHASE ZANE COFFEE            SOUTH MORANG,4.0
178,2023-08-31,DEBIT CARD PURCHASE AXIL COFFEE Melbourne,5.15
179,2023-08-31,EFTPOS DEBIT 0000000 SQ *DROPOUT CHAIWALA Melbourne,6.5
180,2023-09-01,DEBIT CARD PURCHASE ACOFFEE Collingwood,5.57
181,2023-09-02,DEBIT CARD PURCHASE KIT ESPRESSO GROUP PTY MELBOURNE,5.0
182,2023-09-02,DEBIT CARD PURCHASE KOWLOON GROUP CITY PTY MELBOURNE,19.62
183,2023-09-03,DEBIT CARD PURCHASE POSTAL HALL MELBOURNE,5.5
184,2023-09-04,DEBIT CARD PURCHASE KIT ESPRESSO GROUP PTY MELBOURNE,5.0
185,2023-09-05,DEBIT CARD PURCHASE SQ *DROPOUT CHAIWALA Melbourne,5.01
186,2023-09-05,DEBIT CARD PURCHASE JB HI FI ELIZABETH S MELBOURNE,39.95
187,2023-09-06,DEBIT CARD PURCHASE AXIL COFFEE Melbourne,5.15
188,2023-09-06,DEBIT CARD PURCHASE UBER   *TRIP,35.1
189,2023-09-07,DEBIT CARD PURCHASE Code Black Brunswick,6.61
190,2023-09-08,DEBIT CARD PURCHASE SQ *LITTLE NIC         West Melbour,4.35
191,2023-09-08,DEBIT CARD PURCHASE VIC MEAT SUPPLY P/L MELBOURNE,12.0
192,2023-09-09,DEBIT CARD PURCHASE PROFESSORS WALK CAFE PARKVILLE,4.6
193,2023-09-09,DEBIT CARD PURCHASE SQ *PONDOK NASI BAKAR South Melbou,20.72
194,2023-09-10,DEBIT CARD PURCHASE SQ *COMMONPLACE COFFEE Melbourne,5.0
195,2023-09-11,DEBIT CARD PURCHASE SQ *ST. ALI CANTEEN Melbourne,5.5
196,2023-09-11,DEBIT CARD PURCHASE MATE COMMUNICATE PTY,75.0
197,2023-09-12,DEBIT CARD PURCHASE In a Rush Melbourne,4.56
198,2023-09-13,DEBIT CARD PURCHASE Carl Timber+Greens Carlton,4.38
199,2023-09-13,DEBIT CARD PURCHASE MASTER LANZHOU - SWANS MELBOURNE,16.14
200,2023-09-14,DEBIT CARD PURCHASE SQ *BROTHER BABA BUDAN Melbourne,5.06
201,2023-09-15,DEBIT CARD PURCHASE AXIL COFFEE Melbourne,5.15
202,2023-09-15,PAYMENT BY AUTHORITY TO Vodafone Aus,64.99
203,2023-09-16,DEBIT CARD PURCHASE AXIL COFFEE Melbourne,5.15
204,2023-09-17,DEBIT CARD PURCHASE SQ *PUZZLE COFFEE Melbourne,5.06
205,2023-09-18,DEBIT CARD PURCHASE The league of honest c Melbourne,4.75
206,2023-09-19,DEBIT CARD PURCHASE SQ *ROSSO ESPRESSO BAR Melbourne,4.5
207,2023-09-19,DEBIT CARD PURCHASE VIC MEAT SUPPLY P/L MELBOURNE,12.0
208,2023-09-20,DEBIT CARD PURCHASE SQ *COFFEE HQ PTY LTD Melbourne,4.55
209,2023-09-21,DEBIT CARD PURCHASE SQ *ST. ALI CANTEEN Melbourne,5.5
210,2023-09-22,DEBIT CARD PURCHASE SQ *THE STUDIO BEANS C Carlton,5.0
211,2023-09-23,DEBIT CARD PURCHASE SQ *BENCH COFFEE CO. R Brunswick,5.0
212,2023-09-24,DEBIT CARD PURCHASE SQ *LE MIEL ET LA LUNE Carlton,4.59
213,2023-09-24,DEBIT CARD PURCHASE MINISO MELB CENTRAL MELBOURNE,14.99
214,2023-09-24,DEBIT CARD PURCHASE THE CORNER LARDER MELBOURNE,12.03
215,2023-09-25,DEBIT CARD PURCHASE In a Rush Melbourne,4.56
216,2023-09-25,DEBIT CARD PURCHASE Spotify Sydney,18.99
217,2023-09-26,DEBIT CARD PURCHASE SQ *BOURKE AND WILLS Melbourne,4.57
218,2023-09-26,DEBIT CARD PURCHASE KOWLOON GROUP CITY PTY MELBOURNE,19.62
219,2023-09-27,DEBIT CARD PURCHASE AXILCOFFEE.COM.AU MELBOURNE,5.21
220,2023-09-27,DEBIT CARD PURCHASE MEKONG RESTAURANT MELBOURNE,17.8
221,2023-09-28,DEBIT CARD PURCHASE The Journal Cafe Melbourne,5.99
222,2023-09-28,DEBIT CARD PURCHASE DELHI STREETS MELBOURNE,20.0
223,2023-09-29,DEBIT CARD PURCHASE ONA Coffee Melbourne Brunswick,5.84
224,2023-09-29,DEBIT CARD PURCHASE AIRBNB * HMP4J53XHD Surry Hills,327.23
225,2023-09-30,DEBIT CARD PURCHASE AXILCOFFEE.COM.AU MELBOURNE,5.21
226,2023-09-30,DEBIT CARD PURCHASE OFFICEWORKS 0000 ELIZ Melbourne,21.04
227,2023-10-01,DEBIT CARD PURCHASE SQ *DROPOUT CHAIWALA Melbourne,5.01
228,2023-10-02,DEBIT CARD PURCHASE SQ *DUKES COFFEE ROAST Melbourne,5.0
229,2023-10-02,EFTPOS DEBIT 0000000 SQ *INTO COFFEE Collingwood,4.5
230,2023-10-03,DEBIT CARD PURCHASE ZANE COFFEE            SOUTH MORANG,4.0
231,2023-10-04,DEBIT CARD PURCHASE SQ *BROTHER BABA BUDAN Melbourne,5.06
232,2023-10-04,DEBIT CARD PURCHASE ENSO INTERNATIONAL GRO MELBOURNE,24.0
233,2023-10-05,DEBIT CARD PURCHASE The Journal Cafe Melbourne,5.99
234,2023-10-05,DEBIT CARD PURCHASE SQ *THE VEGIE BAR Fitzroy,23.33
235,2023-10-05,DEBIT CARD PURCHASE UBER   *TRIP,35.1
236,2023-10-06,DEBIT CARD PURCHASE CATHEDRAL COFFEE MELBOURNE,4.5
237,2023-10-06,DEBIT CARD PURCHASE AIRBNB * HMP4J53XHD Surry Hills,327.23
238,2023-10-06,DEBIT CARD PURCHASE Nasi Lemak House Carlton,19.59
239,2023-10-07,DEBIT CARD PURCHASE EMPORIUM ESPRESSO PL MELBOURNE,5.3
240,2023-10-07,DEBIT CARD PURCHASE VIC MEAT SUPPLY P/L MELBOURNE,12.0
241,2023-10-07,DEBIT CARD PURCHASE AMPOL,10.4
242,2023-10-08,DEBIT CARD PURCHASE SQ *BOURKE AND WILLS Melbourne,4.57
243,2023-10-08,DEBIT CARD PURCHASE ALDI STORES - ALFREDTO ALFREDTON,63.55
244,2023-10-09,DEBIT CARD PURCHASE MILKY JOE'S MELBOURNE,4.3
245,2023-10-10,DEBIT CARD PURCHASE SQ *BROTHER BABA BUDAN Melbourne,5.06
246,2023-10-10,DEBIT CARD PURCHASE DYMOCKS MELBOURNE MELBOURNE,21.49
247,2023-10-11,DEBIT CARD PURCHASE SQ *LITTLE NIC         West Melbour,4.35
248,2023-10-11,DEBIT CARD PURCHASE Tim Ho Wan Melbourne Melbourne,24.81
249,2023-10-11,DEBIT CARD PURCHASE Uniqlo Australia Pty L Melbourne,99.85
250,2023-10-11,DEBIT CARD PURCHASE MATE COMMUNICATE PTY,75.0
251,2023-10-12,DEBIT CARD PURCHASE Timber and Greens Collingwood,4.5
252,2023-10-13,DEBIT CARD PURCHASE ZANE COFFEE            SOUTH MORANG,4.0
253,2023-10-13,DEBIT CARD PURCHASE JB HI FI BOURKE STRE MELBOURNE,96.48
254,2023-10-14,DEBIT CARD PURCHASE ACOFFEE Collingwood,5.57
255,2023-10-15,DEBIT CARD PURCHASE KIT ESPRESSO GROUP PTY MELBOURNE,5.0
256,2023-10-15,PAYMENT BY AUTHORITY TO Vodafone Aus,64.99
257,2023-10-16,DEBIT CARD PURCHASE AXILCOFFEE.COM.AU MELBOURNE,5.21
258,2023-10-16,EFTPOS DEBIT 0000000 SQ *DROPOUT CHAIWALA Melbourne,6.5
259,2023-10-17,DEBIT CARD PURCHASE ACOFFEE Collingwood,5.57
260,2023-10-17,DEBIT CARD PURCHASE DYMOCKS MELBOURNE MELBOURNE,21.49
261,2023-10-18,DEBIT CARD PURCHASE SQ *BROTHER BABA BUDAN Melbourne,5.06
262,2023-10-19,DEBIT CARD PURCHASE Code Black Brunswick,6.61
263,2023-10-20,DEBIT CARD PURCHASE PROFESSORS WALK CAFE PARKVILLE,4.6
264,2023-10-20,DEBIT CARD PURCHASE WONTON HOUSE GLEN WAVE Glen Waverle,12.99
265,2023-10-20,DEBIT CARD PURCHASE ALDI STORES - WEST MEL WEST MELBOUR,42.34
266,2023-10-21,DEBIT CARD PURCHASE SQ *LE MIEL ET LA LUNE Carlton,4.59
267,2023-10-22,DEBIT CARD PURCHASE SQ *COMMONPLACE COFFEE Melbourne,5.0
268,2023-10-22,DEBIT CARD PURCHASE PACOS TACOS RINGWOOD,35.65
269,2023-10-23,DEBIT CARD PURCHASE PROFESSORS WALK CAFE PARKVILLE,4.6
270,2023-10-24,DEBIT CARD PURCHASE AXILCOFFEE.COM.AU MELBOURNE,5.21
271,2023-10-24,DEBIT CARD PURCHASE MARKET ORGANICS PT MELBOURNE,18.3
272,2023-10-25,DEBIT CARD PURCHASE CATHEDRAL COFFEE MELBOURNE,4.5
273,2023-10-25,DEBIT CARD PURCHASE TERMINUS HOTEL AUSTRALIA,29.92
274,2023-10-25,DEBIT CARD PURCHASE Spotify Sydney,18.99
275,2023-10-26,DEBIT CARD PURCHASE SQ *PUZZLE COFFEE Melbourne,5.06
276,2023-10-27,DEBIT CARD PURCHASE Timber and Greens Collingwood,4.5
277,2023-10-27,DEBIT CARD PURCHASE ALDI STORES - ALFREDTO ALFREDTON,63.55
278,2023-10-28,DEBIT CARD PURCHASE ZANE COFFEE            SOUTH MORANG,4.0
279,2023-10-28,DEBIT CARD PURCHASE MEKONG RESTAURANT MELBOURNE,17.8
280,2023-10-29,DEBIT CARD PURCHASE The league of honest c Melbourne,4.75
281,2023-10-30,DEBIT CARD PURCHASE In a Rush Melbourne,4.56
282,2023-10-30,DEBIT CARD PURCHASE KOWLOON GROUP CITY PTY MELBOURNE,19.62
283,2023-10-30,DEBIT CARD PURCHASE MARKET ORGANICS PT MELBOURNE,18.3
284,2023-10-31,DEBIT CARD PURCHASE SQ *PUZZLE COFFEE Melbourne,5.06
285,2023-10-31,DEBIT CARD PURCHASE THE TERRACE MELBOURNE,48.4
286,2023-11-01,DEBIT CARD PURCHASE SQ *ROSSO ESPRESSO BAR Melbourne,4.5
287,2023-11-01,DEBIT CARD PURCHASE WWW.BOWLTIFUL.COM.AU MELBOURNE,18.26
288,2023-11-02,DEBIT CARD PURCHASE SQ *PUZZLE COFFEE Melbourne,5.06
289,2023-11-02,DEBIT CARD PURCHASE UBER   *TRIP,35.1
290,2023-11-03,DEBIT CARD PURCHASE SQ *COMMONPLACE COFFEE Melbourne,5.0
291,2023-11-03,DEBIT CARD PURCHASE MARKET ORGANICS PT MELBOURNE,18.3
292,2023-11-03,DEBIT CARD PURCHASE UBER   *TRIP,35.1
293,2023-11-04,DEBIT CARD PURCHASE SQ *LITTLE NIC         West Melbour,4.35
294,2023-11-04,DEBIT CARD PURCHASE THE TERRACE MELBOURNE,48.4
295,2023-11-04,DEBIT CARD PURCHASE THE CORNER LARDER MELBOURNE,12.03
296,2023-11-05,DEBIT CARD PURCHASE PUZZLE SWANSTON ST MELBOURNE,4.66
297,2023-11-05,DEBIT CARD PURCHASE D AND C APOLLOWINGS PT MELBOURNE,18.87
298,2023-11-05,EFTPOS DEBIT 0000000 SMP*Jagos Quality Me atMelbourne03,16.26
299,2023-11-06,DEBIT CARD PURCHASE SQ *DUKES COFFEE ROAST Melbourne,5.0
300,2023-11-07,DEBIT CARD PURCHASE UPSTANDING CITIZENS MELBOURNE,4.55
301,2023-11-08,DEBIT CARD PURCHASE SQ *BENCH COFFEE CO. R Brunswick,5.0
302,2023-11-08,DEBIT CARD PURCHASE AIRBNB Surry Hills,164.75
303,2023-11-09,DEBIT CARD PURCHASE ACOFFEE Collingwood,5.57
304,2023-11-10,DEBIT CARD PURCHASE SQ *LE MIEL ET LA LUNE Carlton,4.59
305,2023-11-10,DEBIT CARD PURCHASE Kariton Sorbetes Melbourne,6.89
306,2023-11-11,DEBIT CARD PURCHASE POSTAL HALL MELBOURNE,5.5
307,2023-11-11,DEBIT CARD PURCHASE ALDI STORES - ALFREDTO ALFREDTON,63.55
308,2023-11-11,DEBIT CARD PURCHASE MATE COMMUNICATE PTY,75.0
309,2023-11-12,DEBIT CARD PURCHASE AXILCOFFEE.COM.AU MELBOURNE,5.21
310,2023-11-13,DEBIT CARD PURCHASE SQ *BOURKE AND WILLS Melbourne,4.57
311,2023-11-14,DEBIT CARD PURCHASE ONA Coffee Melbourne Brunswick,5.84
312,2023-11-15,DEBIT CARD PURCHASE Timber and Greens Collingwood,4.5
313,2023-11-15,PAYMENT BY AUTHORITY TO Vodafone Aus,64.99
314,2023-11-16,DEBIT CARD PURCHASE Carl Timber+Greens Carlton,4.38
315,2023-11-16,DEBIT CARD PURCHASE KOWLOON GROUP CITY PTY MELBOURNE,19.62
316,2023-11-16,DEBIT CARD PURCHASE OFFICEWORKS 0000 MELBOURNE,49.66
317,2023-11-17,DEBIT CARD PURCHASE AXILCOFFEE.COM.AU MELBOURNE,5.21
318,2023-11-17,DEBIT CARD PURCHASE Biang Biang Swanston Melbourne,16.88
319,2023-11-18,DEBIT CARD PURCHASE SQ *PAUSE & SIP BY WHI Melbourne,4.44
320,2023-11-19,DEBIT CARD PURCHASE ONA Coffee Melbourne Brunswick,5.84
321,2023-11-19,DEBIT CARD PURCHASE AIRBNB Surry Hills,164.75
322,2023-11-19,DEBIT CARD PURCHASE NELAYAN PTY LTD MELBOURNE,19.79
323,2023-11-20,DEBIT CARD PURCHASE The Journal Cafe Melbourne,5.99
324,2023-11-21,DEBIT CARD PURCHASE SQ *BRUNETTI ORO FLIND Melbourne,5.97
325,2023-11-21,EFTPOS DEBIT 0000000 SQ *DROPOUT CHAIWALA Melbourne,6.5
326,2023-11-22,DEBIT CARD PURCHASE SQ *BRUNETTI ORO FLIND Melbourne,5.97
327,2023-11-23,DEBIT CARD PURCHASE ZLR*Queen's Harvest Melbourne,3.96
328,2023-11-23,DEBIT CARD PURCHASE ZLR*Deep Blue Seafood Melbourne,11.11
329,2023-11-24,DEBIT CARD PURCHASE PUZZLE SWANSTON ST MELBOURNE,4.66
330,2023-11-24,DEBIT CARD PURCHASE MYER MELBOURNE CITY MELBOURNE,34.95
331,2023-11-24,EFTPOS DEBIT 0000000 SMP*Jagos Quality Me atMelbourne03,16.26
332,2023-11-24,DEBIT CARD PURCHASE UBER   *TRIP,35.1
333,2023-11-25,DEBIT CARD PURCHASE In a Rush Melbourne,4.56
334,2023-11-25,DEBIT CARD PURCHASE Spotify Sydney,18.99
335,2023-11-26,DEBIT CARD PURCHASE SQ *LE MIEL ET LA LUNE Carlton,4.59
336,2023-11-26,DEBIT CARD PURCHASE THAI SOCIAL EMPORIUM BENTLEIGH,16.2
337,2023-11-26,DEBIT CARD PURCHASE MUJI RETAIL (AUSTRAL MELBOURNE,20.02
338,2023-11-27,DEBIT CARD PURCHASE SQ *BRUNETTI ORO FLIND Melbourne,5.97
339,2023-11-28,DEBIT CARD PURCHASE UPSTANDING CITIZENS MELBOURNE,4.55
340,2023-11-28,DEBIT CARD PURCHASE MARKET ORGANICS PT MELBOURNE,18.3
341,2023-11-29,DEBIT CARD PURCHASE EMPORIUM ESPRESSO PL MELBOURNE,5.3
342,2023-11-30,DEBIT CARD PURCHASE POSTAL HALL MELBOURNE,5.5
343,2023-12-01,DEBIT CARD PURCHASE MILKY JOE'S MELBOURNE,4.3
344,2023-12-01,DEBIT CARD PURCHASE PACOS TACOS RINGWOOD,35.65
345,2023-12-02,DEBIT CARD PURCHASE In a Rush Melbourne,4.56
346,2023-12-02,DEBIT CARD PURCHASE Dragon Hot Pot Melbourne,20.0
347,2023-12-03,DEBIT CARD PURCHASE SQ *LITTLE NIC         West Melbour,4.35
348,2023-12-03,DEBIT CARD PURCHASE Dragon Hot Pot Melbourne,20.0
349,2023-12-04,DEBIT CARD PURCHASE UPSTANDING CITIZENS MELBOURNE,4.55
350,2023-12-04,EFTPOS DEBIT 0000000 SMP*Jagos Quality Me atMelbourne03,16.26
351,2023-12-05,DEBIT CARD PURCHASE ZANE COFFEE            SOUTH MORANG,4.0
352,2023-12-05,DEBIT CARD PURCHASE SQ *MIZNON MELBOURNE Melbourne,19.0
353,2023-12-06,DEBIT CARD PURCHASE ZANE COFFEE            SOUTH MORANG,4.0
354,2023-12-06,DEBIT CARD PURCHASE HAKATA GENSUKE HEALEYS MELBOURNE,19.25
355,2023-12-07,DEBIT CARD PURCHASE SQ *DUKES COFFEE ROAST Melbourne,5.0
356,2023-12-07,DEBIT CARD PURCHASE TERMINUS HOTEL AUSTRALIA,29.92
357,2023-12-08,DEBIT CARD PURCHASE SQ *BENCH COFFEE CO. R Brunswick,5.0
358,2023-12-09,DEBIT CARD PURCHASE KIT ESPRESSO GROUP PTY MELBOURNE,5.0
359,2023-12-10,DEBIT CARD PURCHASE SQ *PAUSE & SIP BY WHI Melbourne,4.44
360,2023-12-10,DEBIT CARD PURCHASE SQ *THE VEGIE BAR Fitzroy,23.33
361,2023-12-10,DEBIT CARD PURCHASE ALDI STORES - ALFREDTO ALFREDTON,63.55
362,2023-12-11,DEBIT CARD PURCHASE SQ *LITTLE NIC         West Melbour,4.35
363,2023-12-11,DEBIT CARD PURCHASE MATE COMMUNICATE PTY,75.0
364,2023-12-12,DEBIT CARD PURCHASE SQ *DUKES COFFEE ROAST Melbourne,5.0
365,2023-12-12,DEBIT CARD PURCHASE ALDI STORES - WEST MEL WEST MELBOUR,42.34
366,2023-12-13,DEBIT CARD PURCHASE Code Black Brunswick,6.61
367,2023-12-13,DEBIT CARD PURCHASE AMPOL,10.4
368,2023-12-14,DEBIT CARD PURCHASE The league of honest c Melbourne,4.75
369,2023-12-15,DEBIT CARD PURCHASE ONA Coffee Melbourne Brunswick,5.84
370,2023-12-15,DEBIT CARD PURCHASE MACPAC MELBOURNE MELBOURNE,48.7
371,2023-12-15,PAYMENT BY AUTHORITY TO Vodafone Aus,64.99
372,2023-12-16,DEBIT CARD PURCHASE SQ *PAUSE & SIP BY WHI Melbourne,4.44
373,2023-12-16,DEBIT CARD PURCHASE WONTON HOUSE GLEN WAVE Glen Waverle,12.99
374,2023-12-16,DEBIT CARD PURCHASE MINISO MELB CENTRAL MELBOURNE,14.99
375,2023-12-17,DEBIT CARD PURCHASE The league of honest c Melbourne,4.75
376,2023-12-18,DEBIT CARD PURCHASE Code Black Brunswick,6.61
377,2023-12-18,DEBIT CARD PURCHASE SQ *MIZNON MELBOURNE Melbourne,19.0
378,2023-12-18,EFTPOS DEBIT 0000000 UBER* TRIP,21.6
379,2023-12-19,DEBIT CARD PURCHASE SQ *LITTLE NIC         West Melbour,4.35
380,2023-12-19,DEBIT CARD PURCHASE MARKET ORGANICS PT MELBOURNE,18.3
381,2023-12-20,DEBIT CARD PURCHASE POSTAL HALL MELBOURNE,5.5
382,2023-12-21,DEBIT CARD PURCHASE Cabin Coffee and Deli Hampton,4.5
383,2023-12-22,DEBIT CARD PURCHASE SQ *BROTHER BABA BUDAN Melbourne,5.06
384,2023-12-22,DEBIT CARD PURCHASE OH DUMPLINGS MELBOURNE,17.1
385,2023-12-23,DEBIT CARD PURCHASE CATHEDRAL COFFEE MELBOURNE,4.5
386,2023-12-23,DEBIT CARD PURCHASE NELAYAN PTY LTD MELBOURNE,19.79
387,2023-12-24,DEBIT CARD PURCHASE Carl Timber+Greens Carlton,4.38
388,2023-12-25,DEBIT CARD PURCHASE SQ *BRUNETTI ORO FLIND Melbourne,5.97
389,2023-12-25,DEBIT CARD PURCHASE UBER   *TRIP,35.1
390,2023-12-25,DEBIT CARD PURCHASE Spotify Sydney,18.99
391,2023-12-26,DEBIT CARD PURCHASE SQ *BROTHER BABA BUDAN Melbourne,5.06
392,2023-12-26,DEBIT CARD PURCHASE BUILDERS ARMS HOTEL FITZROY,31.58
393,2023-12-27,DEBIT CARD PURCHASE SQ *THE STUDIO BEANS C Carlton,5.0
394,2023-12-27,DEBIT CARD PURCHASE THAI SOCIAL EMPORIUM BENTLEIGH,16.2
395,2023-12-27,DEBIT CARD PURCHASE CROWN ASIAN SUPERMAR MELBOURNE,15.42
396,2023-12-28,DEBIT CARD PURCHASE UPSTANDING CITIZENS MELBOURNE,4.55
397,2023-12-28,DEBIT CARD PURCHASE AMPOL,10.4
398,2023-12-29,DEBIT CARD PURCHASE SQ *PAUSE & SIP BY WHI Melbourne,4.44
399,2023-12-30,DEBIT CARD PURCHASE Cabin Coffee and Deli Hampton,4.5
400,2023-12-30,DEBIT CARD PURCHASE INDUSTRYBEANS Fitzroy,8.11
401,2023-12-31,DEBIT CARD PURCHASE SQ *BRUNETTI ORO FLIND Melbourne,5.97
402,2023-12-31,DEBIT CARD PURCHASE CROWN ASIAN SUPERMAR MELBOURNE,15.42
403,2024-01-01,DEBIT CARD PURCHASE SQ *PUZZLE COFFEE Melbourne,5.06
404,2024-01-01,EFTPOS DEBIT 0000000 UBER* TRIP,21.6
405,2024-01-02,DEBIT CARD PURCHASE SQ *COFFEE HQ PTY LTD Melbourne,4.55
406,2024-01-02,DEBIT CARD PURCHASE King and Godfree Carlton,20.3
407,2024-01-03,DEBIT CARD PURCHASE SQ *PUZZLE COFFEE Melbourne,5.06
408,2024-01-03,DEBIT CARD PURCHASE SQ *THE VEGIE BAR Fitzroy,23.33
409,2024-01-04,DEBIT CARD PURCHASE ONA Coffee Melbourne Brunswick,5.84
410,2024-01-04,DEBIT CARD PURCHASE HELLENIC DELI MELBOURNE,20.04
411,2024-01-05,DEBIT CARD PURCHASE Carl Timber+Greens Carlton,4.38
412,2024-01-06,DEBIT CARD PURCHASE Cabin Coffee and Deli Hampton,4.5
413,2024-01-07,DEBIT CARD PURCHASE The league of honest c Melbourne,4.75
414,2024-01-08,DEBIT CARD PURCHASE SQ *DROPOUT CHAIWALA Melbourne,5.01
415,2024-01-08,DEBIT CARD PURCHASE SQ *MASTER LANZHOU EXP Carlton,15.12
416,2024-01-09,DEBIT CARD PURCHASE PUZZLE SWANSTON ST MELBOURNE,4.66
417,2024-01-09,EFTPOS DEBIT 0000000 SQ *DROPOUT CHAIWALA Melbourne,6.5
418,2024-01-10,DEBIT CARD PURCHASE ONA Coffee Melbourne Brunswick,5.84
419,2024-01-11,DEBIT CARD PURCHASE SQ *ROSSO ESPRESSO BAR Melbourne,4.5
420,2024-01-11,DEBIT CARD PURCHASE MACPAC MELBOURNE MELBOURNE,48.7
421,2024-01-11,DEBIT CARD PURCHASE MATE COMMUNICATE PTY,75.0
422,2024-01-12,DEBIT CARD PURCHASE SQ *BENCH COFFEE CO. R Brunswick,5.0
423,2024-01-12,DEBIT CARD PURCHASE MINISO MELB CENTRAL MELBOURNE,14.99
424,2024-01-13,DEBIT CARD PURCHASE Timber and Greens Collingwood,4.5
425,2024-01-14,DEBIT CARD PURCHASE SQ *ST. ALI CANTEEN Melbourne,5.5
426,2024-01-15,DEBIT CARD PURCHASE SQ *COFFEE HQ PTY LTD Melbourne,4.55
427,2024-01-15,DEBIT CARD PURCHASE WOOLWORTHS      0000 STH MELBOURN,9.38
428,2024-01-15,PAYMENT BY AUTHORITY TO Vodafone Aus,64.99
429,2024-01-16,DEBIT CARD PURCHASE SQ *COFFEE HQ PTY LTD Melbourne,4.55
430,2024-01-16,DEBIT CARD PURCHASE AIRBNB * HMP4J53XHD Surry Hills,327.23
431,2024-01-16,DEBIT CARD PURCHASE SPOTLIGHT SOUTH MELBOU,5.5
432,2024-01-17,DEBIT CARD PURCHASE SQ *DROPOUT CHAIWALA Melbourne,5.01
433,2024-01-18,DEBIT CARD PURCHASE MILKY JOE'S MELBOURNE,4.3
434,2024-01-19,DEBIT CARD PURCHASE PROFESSORS WALK CAFE PARKVILLE,4.6
435,2024-01-19,DEBIT CARD PURCHASE SQ *THE VEGIE BAR Fitzroy,23.33
436,2024-01-20,DEBIT CARD PURCHASE SQ *PAUSE & SIP BY WHI Melbourne,4.44
437,2024-01-21,DEBIT CARD PURCHASE ACOFFEE Collingwood,5.57
438,2024-01-22,DEBIT CARD PURCHASE SQ *PUZZLE COFFEE Melbourne,5.06
439,2024-01-22,DEBIT CARD PURCHASE UBER   *TRIP,35.1
440,2024-01-23,DEBIT CARD PURCHASE EMPORIUM ESPRESSO PL MELBOURNE,5.3
441,2024-01-24,DEBIT CARD PURCHASE SQ *BOURKE AND WILLS Melbourne,4.57
442,2024-01-25,DEBIT CARD PURCHASE SQ *COMMONPLACE COFFEE Melbourne,5.0
443,2024-01-25,DEBIT CARD PURCHASE Biang Biang Swanston Melbourne,16.88
444,2024-01-25,DEBIT CARD PURCHASE ALDI STORES - WEST MEL WEST MELBOUR,42.34
445,2024-01-25,DEBIT CARD PURCHASE Spotify Sydney,18.99
446,2024-01-26,DEBIT CARD PURCHASE SQ *PUZZLE COFFEE Melbourne,5.06
447,2024-01-27,DEBIT CARD PURCHASE SQ *COFFEE HQ PTY LTD Melbourne,4.55
448,2024-01-28,DEBIT CARD PURCHASE SQ *DUKES COFFEE ROAST Melbourne,5.0
449,2024-01-29,DEBIT CARD PURCHASE SQ *BROTHER BABA BUDAN Melbourne,5.06
450,2024-01-30,DEBIT CARD PURCHASE Code Black Brunswick,6.61
451,2024-01-30,DEBIT CARD PURCHASE UBER   *TRIP,35.1
452,2024-01-31,DEBIT CARD PURCHASE PROFESSORS WALK CAFE PARKVILLE,4.6
453,2024-01-31,DEBIT CARD PURCHASE THE TERRACE MELBOURNE,48.4
454,2024-02-01,DEBIT CARD PURCHASE ZANE COFFEE            SOUTH MORANG,4.0
455,2024-02-01,DEBIT CARD PURCHASE Villas restaurant Bar Melbourne,22.98
456,2024-02-02,DEBIT CARD PURCHASE SQ *ROSSO ESPRESSO BAR Melbourne,4.5
457,2024-02-03,DEBIT CARD PURCHASE SQ *LITTLE NIC         West Melbour,4.35
458,2024-02-04,DEBIT CARD PURCHASE SQ *LITTLE NIC         West Melbour,4.35
459,2024-02-05,DEBIT CARD PURCHASE SQ *BENCH COFFEE CO. R Brunswick,5.0
460,2024-02-05,DEBIT CARD PURCHASE ENSO INTERNATIONAL GRO MELBOURNE,24.0
461,2024-02-06,DEBIT CARD PURCHASE EMPORIUM ESPRESSO PL MELBOURNE,5.3
462,2024-02-06,DEBIT CARD PURCHASE Chiki Chiki Melbourne,12.0
463,2024-02-07,DEBIT CARD PURCHASE Timber and Greens Collingwood,4.5
464,2024-02-07,DEBIT CARD PURCHASE Nasi Lemak House Carlton,19.59
465,2024-02-08,DEBIT CARD PURCHASE ACOFFEE Collingwood,5.57
466,2024-02-09,DEBIT CARD PURCHASE POSTAL HALL MELBOURNE,5.5
467,2024-02-10,DEBIT CARD PURCHASE SQ *DUKES COFFEE ROAST Melbourne,5.0
468,2024-02-11,DEBIT CARD PURCHASE SQ *BENCH COFFEE CO. R Brunswick,5.0
469,2024-02-11,DEBIT CARD PURCHASE SQ *MASTER LANZHOU EXP Carlton,15.12
470,2024-02-11,EFTPOS DEBIT 0000000 UBER* TRIP,21.6
471,2024-02-11,DEBIT CARD PURCHASE MATE COMMUNICATE PTY,75.0
472,2024-02-12,DEBIT CARD PURCHASE AXIL COFFEE Melbourne,5.15
473,2024-02-13,DEBIT CARD PURCHASE ACOFFEE Collingwood,5.57
474,2024-02-13,DEBIT CARD PURCHASE Green Refectory BRUNSWICK,8.14
475,2024-02-14,DEBIT CARD PURCHASE ZANE COFFEE            SOUTH MORANG,4.0
476,2024-02-14,DEBIT CARD PURCHASE SQ *MIZNON MELBOURNE Melbourne,19.0
477,2024-02-14,EFTPOS DEBIT 0000000 MYKI MELBOURNE,90.0
478,2024-02-15,DEBIT CARD PURCHASE SQ *ROSSO ESPRESSO BAR Melbourne,4.5
479,2024-02-15,DEBIT CARD PURCHASE SQ *MIZNON MELBOURNE Melbourne,19.0
480,2024-02-15,PAYMENT BY AUTHORITY TO Vodafone Aus,64.99
481,2024-02-16,DEBIT CARD PURCHASE SQ *BROTHER BABA BUDAN Melbourne,5.06
482,2024-02-16,DEBIT CARD PURCHASE SUSHI HUB SWANSTON MELBOURNE,12.4
483,2024-02-17,DEBIT CARD PURCHASE Cabin Coffee and Deli Hampton,4.5
484,2024-02-17,DEBIT CARD PURCHASE INDUSTRYBEANS Fitzroy,8.11
485,2024-02-18,DEBIT CARD PURCHASE SQ *BENCH COFFEE CO. R Brunswick,5.0
486,2024-02-18,DEBIT CARD PURCHASE SUSHI HUB SWANSTON MELBOURNE,12.4
487,2024-02-19,DEBIT CARD PURCHASE Timber and Greens Collingwood,4.5
488,2024-02-19,DEBIT CARD PURCHASE WOOLWORTHS      0000 STH MELBOURN,9.38
489,2024-02-20,DEBIT CARD PURCHASE MILKY JOE'S MELBOURNE,4.3
490,2024-02-20,DEBIT CARD PURCHASE DELHI STREETS MELBOURNE,20.0
491,2024-02-21,DEBIT CARD PURCHASE ZANE COFFEE            SOUTH MORANG,4.0
492,2024-02-21,DEBIT CARD PURCHASE KOWLOON GROUP CITY PTY MELBOURNE,19.62
493,2024-02-22,DEBIT CARD PURCHASE SQ *DROPOUT CHAIWALA Melbourne,5.01
494,2024-02-23,DEBIT CARD PURCHASE POSTAL HALL MELBOURNE,5.5
495,2024-02-23,EFTPOS DEBIT 0000000 UBER* TRIP,21.6
496,2024-02-24,DEBIT CARD PURCHASE The league of honest c Melbourne,4.75
497,2024-02-24,DEBIT CARD PURCHASE SAMSAM CHICKEN SWANSTO MELBOURNE,21.15
498,2024-02-24,EFTPOS DEBIT 0000000 MYKI MELBOURNE,90.0
499,2024-02-25,DEBIT CARD PURCHASE AXILCOFFEE.COM.AU MELBOURNE,5.21
500,2024-02-25,DEBIT CARD PURCHASE Nasi Lemak House Carlton,19.59
501,2024-02-25,DEBIT CARD PURCHASE Spotify Sydney,18.99
502,2024-02-26,DEBIT CARD PURCHASE CATHEDRAL COFFEE MELBOURNE,4.5
503,2024-02-26,DEBIT CARD PURCHASE JB HI FI BOURKE STRE MELBOURNE,96.48
504,2024-02-27,DEBIT CARD PURCHASE MILKY JOE'S MELBOURNE,4.3
505,2024-02-27,DEBIT CARD PURCHASE HOTELS PT  MELBOU,78.0
506,2024-02-28,DEBIT CARD PURCHASE SQ *PUZZLE COFFEE Melbourne,5.06
507,2024-02-28,DEBIT CARD PURCHASE WWW.SHUJINKO.COM.AU MELBOURNE,13.72
508,2024-02-29,DEBIT CARD PURCHASE SQ *PUZZLE COFFEE Melbourne,5.06
509,2024-03-01,DEBIT CARD PURCHASE PUZZLE SWANSTON ST MELBOURNE,4.66
510,2024-03-02,DEBIT CARD PURCHASE SQ *COFFEE HQ PTY LTD Melbourne,4.55
511,2024-03-02,DEBIT CARD PURCHASE HELLENIC DELI MELBOURNE,20.04
512,2024-03-03,DEBIT CARD PURCHASE SQ *DUKES COFFEE ROAST Melbourne,5.0
513,2024-03-04,DEBIT CARD PURCHASE SQ *BROTHER BABA BUDAN Melbourne,5.06
514,2024-03-04,DEBIT CARD PURCHASE SQ *MARKET LANE COFFEE South Melbou,6.0
515,2024-03-05,DEBIT CARD PURCHASE ZANE COFFEE            SOUTH MORANG,4.0
516,2024-03-05,DEBIT CARD PURCHASE BUILDERS ARMS HOTEL FITZROY,31.58
517,2024-03-05,DEBIT CARD PURCHASE MARKET ORGANICS PT MELBOURNE,18.3
518,2024-03-06,DEBIT CARD PURCHASE CATHEDRAL COFFEE MELBOURNE,4.5
519,2024-03-06,DEBIT CARD PURCHASE WWW.BOWLTIFUL.COM.AU MELBOURNE,18.26
520,2024-03-07,DEBIT CARD PURCHASE PUZZLE SWANSTON ST MELBOURNE,4.66
521,2024-03-08,DEBIT CARD PURCHASE POSTAL HALL MELBOURNE,5.5
522,2024-03-09,DEBIT CARD PURCHASE SQ *DUKES COFFEE ROAST Melbourne,5.0
523,2024-03-10,DEBIT CARD PURCHASE PUZZLE SWANSTON ST MELBOURNE,4.66
524,2024-03-11,DEBIT CARD PURCHASE Timber and Greens Collingwood,4.5
525,2024-03-11,DEBIT CARD PURCHASE MATE COMMUNICATE PTY,75.0
526,2024-03-12,DEBIT CARD PURCHASE ACOFFEE Collingwood,5.57
527,2024-03-13,DEBIT CARD PURCHASE MILKY JOE'S MELBOURNE,4.3
528,2024-03-13,DEBIT CARD PURCHASE HAKATA GENSUKE QV CHIC MELBOURNE,23.3
529,2024-03-13,DEBIT CARD PURCHASE MUJI RETAIL (AUSTRAL MELBOURNE,20.02
530,2024-03-13,DEBIT CARD PURCHASE ALDI STORES - ALFREDTO ALFREDTON,63.55
531,2024-03-14,DEBIT CARD PURCHASE SQ *ROSSO ESPRESSO BAR Melbourne,4.5
532,2024-03-14,DEBIT CARD PURCHASE SQ *PONDOK REMPAH Melbourne,20.07
533,2024-03-15,DEBIT CARD PURCHASE UPSTANDING CITIZENS MELBOURNE,4.55
534,2024-03-15,PAYMENT BY AUTHORITY TO Vodafone Aus,64.99
535,2024-03-16,DEBIT CARD PURCHASE SQ *BROTHER BABA BUDAN Melbourne,5.06
536,2024-03-17,DEBIT CARD PURCHASE SQ *PUZZLE COFFEE Melbourne,5.06
537,2024-03-18,DEBIT CARD PURCHASE Cabin Coffee and Deli Hampton,4.5
538,2024-03-19,DEBIT CARD PURCHASE UPSTANDING CITIZENS MELBOURNE,4.55
539,2024-03-20,DEBIT CARD PURCHASE AXIL COFFEE Melbourne,5.15
540,2024-03-20,DEBIT CARD PURCHASE KOWLOON GROUP CITY PTY MELBOURNE,19.62
541,2024-03-21,DEBIT CARD PURCHASE ZLR*Queen's Harvest Melbourne,3.96
542,2024-03-21,DEBIT CARD PURCHASE ARCADIA CAFE AND BAR FITZROY,19.28
543,2024-03-22,DEBIT CARD PURCHASE SQ *BOURKE AND WILLS Melbourne,4.57
544,2024-03-23,DEBIT CARD PURCHASE PROFESSORS WALK CAFE PARKVILLE,4.6
545,2024-03-23,DEBIT CARD PURCHASE TIBAS KEBAB BRUNSWICK,26.5
546,2024-03-24,DEBIT CARD PURCHASE In a Rush Melbourne,4.56
547,2024-03-24,DEBIT CARD PURCHASE SUSHI HUB SWANSTON MELBOURNE,12.4
548,2024-03-24,DEBIT CARD PURCHASE ALDI STORES - ALFREDTO ALFREDTON,63.55
549,2024-03-25,DEBIT CARD PURCHASE ZLR*Queen's Harvest Melbourne,3.96
550,2024-03-25,DEBIT CARD PURCHASE THAILANDER EMPORIUM MELBOURNE,7.08
551,2024-03-25,DEBIT CARD PURCHASE Spotify Sydney,18.99
552,2024-03-26,DEBIT CARD PURCHASE SQ *BENCH COFFEE CO. R Brunswick,5.0
553,2024-03-26,DEBIT CARD PURCHASE AIRBNB Surry Hills,164.75
554,2024-03-27,DEBIT CARD PURCHASE SQ *PUZZLE COFFEE Melbourne,5.06
555,2024-03-27,EFTPOS DEBIT 0000000 SQ *INTO COFFEE Collingwood,4.5
556,2024-03-28,DEBIT CARD PURCHASE Code Black Brunswick,6.61
557,2024-03-28,DEBIT CARD PURCHASE HAKATA GENSUKE HEALEYS MELBOURNE,19.25
558,2024-03-29,DEBIT CARD PURCHASE SQ *PUZZLE COFFEE Melbourne,5.06
559,2024-03-29,DEBIT CARD PURCHASE TERMINUS HOTEL AUSTRALIA,29.92
560,2024-03-29,DEBIT CARD PURCHASE WOOLWORTHS      0000 STH MELBOURN,9.38
561,2024-03-30,DEBIT CARD PURCHASE SQ *BOURKE AND WILLS Melbourne,4.57
562,2024-03-31,DEBIT CARD PURCHASE PUZZLE SWANSTON ST MELBOURNE,4.66
563,2024-04-01,DEBIT CARD PURCHASE SQ *LE MIEL ET LA LUNE Carlton,4.59
564,2024-04-01,DEBIT CARD PURCHASE WWW.BOWLTIFUL.COM.AU MELBOURNE,18.26
565,2024-04-02,DEBIT CARD PURCHASE SQ *PUZZLE COFFEE Melbourne,5.06
566,2024-04-02,DEBIT CARD PURCHASE SQ *ST. ALI & THE QUEE Melbourne,13.01
567,2024-04-02,EFTPOS DEBIT 0000000 UBER* TRIP,21.6
568,2024-04-03,DEBIT CARD PURCHASE SQ *DUKES COFFEE ROAST Melbourne,5.0
569,2024-04-03,DEBIT CARD PURCHASE HAKATA GENSUKE QV CHIC MELBOURNE,23.3
570,2024-04-04,DEBIT CARD PURCHASE ZLR*Queen's Harvest Melbourne,3.96
571,2024-04-04,DEBIT CARD PURCHASE Readings Hawthorn,49.98
572,2024-04-05,DEBIT CARD PURCHASE SQ *DROPOUT CHAIWALA Melbourne,5.01
573,2024-04-05,DEBIT CARD PURCHASE EVENT GIFT SHOP Sydney,100.0
574,2024-04-06,DEBIT CARD PURCHASE Timber and Greens Collingwood,4.5
575,2024-04-07,DEBIT CARD PURCHASE SQ *DROPOUT CHAIWALA Melbourne,5.01
576,2024-04-08,DEBIT CARD PURCHASE Code Black Brunswick,6.61
577,2024-04-09,DEBIT CARD PURCHASE SQ *DROPOUT CHAIWALA Melbourne,5.01
578,2024-04-10,DEBIT CARD PURCHASE ONA Coffee Melbourne Brunswick,5.84
579,2024-04-10,DEBIT CARD PURCHASE ALDI STORES - ALFREDTO ALFREDTON,63.55
580,2024-04-11,DEBIT CARD PURCHASE The league of honest c Melbourne,4.75
581,2024-04-11,DEBIT CARD PURCHASE THE CORNER LARDER MELBOURNE,12.03
582,2024-04-11,EFTPOS DEBIT 0000000 UBER* TRIP,21.6
583,2024-04-11,DEBIT CARD PURCHASE MATE COMMUNICATE PTY,75.0
584,2024-04-12,DEBIT CARD PURCHASE Cabin Coffee and Deli Hampton,4.5
585,2024-04-13,DEBIT CARD PURCHASE SQ *LE MIEL ET LA LUNE Carlton,4.59
586,2024-04-13,DEBIT CARD PURCHASE Koko Black Australia P Coburg,29.9
587,2024-04-14,DEBIT CARD PURCHASE SQ *ST. ALI CANTEEN Melbourne,5.5
588,2024-04-15,DEBIT CARD PURCHASE The Journal Cafe Melbourne,5.99
589,2024-04-15,PAYMENT BY AUTHORITY TO Vodafone Aus,64.99
590,2024-04-16,DEBIT CARD PURCHASE ZANE COFFEE            SOUTH MORANG,4.0
591,2024-04-16,DEBIT CARD PURCHASE DELHI STREETS MELBOURNE,20.0
592,2024-04-17,DEBIT CARD PURCHASE SQ *BROTHER BABA BUDAN Melbourne,5.06
593,2024-04-17,DEBIT CARD PURCHASE ALDI STORES - ALFREDTO ALFREDTON,63.55
594,2024-04-17,DEBIT CARD PURCHASE AMPOL,10.4
595,2024-04-18,DEBIT CARD PURCHASE DR DAX KITCHEN Parkville,4.26
596,2024-04-18,DEBIT CARD PURCHASE INDUSTRYBEANS Fitzroy,8.11
597,2024-04-19,DEBIT CARD PURCHASE In a Rush Melbourne,4.56
598,2024-04-20,DEBIT CARD PURCHASE AXILCOFFEE.COM.AU MELBOURNE,5.21
599,2024-04-20,DEBIT CARD PURCHASE SQ *LIVING GIFTS BENDI Bendigo,15.0
600,2024-04-21,DEBIT CARD PURCHASE AXILCOFFEE.COM.AU MELBOURNE,5.21
601,2024-04-22,DEBIT CARD PURCHASE SQ *COFFEE HQ PTY LTD Melbourne,4.55
602,2024-04-23,DEBIT CARD PURCHASE ONA Coffee Melbourne Brunswick,5.84
603,2024-04-24,DEBIT CARD PURCHASE SQ *DUKES COFFEE ROAST Melbourne,5.0
604,2024-04-25,DEBIT CARD PURCHASE In a Rush Melbourne,4.56
605,2024-04-25,DEBIT CARD PURCHASE AMPOL,10.4
606,2024-04-25,DEBIT CARD PURCHASE Spotify Sydney,18.99
607,2024-04-26,DEBIT CARD PURCHASE AXIL COFFEE Melbourne,5.15
608,2024-04-26,DEBIT CARD PURCHASE MEKONG RESTAURANT MELBOURNE,17.8
609,2024-04-27,DEBIT CARD PURCHASE SQ *DROPOUT CHAIWALA Melbourne,5.01
610,2024-04-28,DEBIT CARD PURCHASE SQ *BENCH COFFEE CO. R Brunswick,5.0
611,2024-04-29,DEBIT CARD PURCHASE SQ *PUZZLE COFFEE Melbourne,5.06
612,2024-04-30,DEBIT CARD PURCHASE SQ *DROPOUT CHAIWALA Melbourne,5.01
613,2024-05-01,DEBIT CARD PURCHASE ACOFFEE Collingwood,5.57
614,2024-05-01,DEBIT CARD PURCHASE D O C ESPRESSO CARLTON,30.95
615,2024-05-02,DEBIT CARD PURCHASE SQ *PUZZLE COFFEE Melbourne,5.06
616,2024-05-03,DEBIT CARD PURCHASE SQ *BRUNETTI ORO FLIND Melbourne,5.97
617,2024-05-04,DEBIT CARD PURCHASE SQ *BRUNETTI ORO FLIND Melbourne,5.97
618,2024-05-04,EFTPOS DEBIT 0000000 SQ *INTO COFFEE Collingwood,4.5
619,2024-05-05,DEBIT CARD PURCHASE UPSTANDING CITIZENS MELBOURNE,4.55
620,2024-05-06,DEBIT CARD PURCHASE SQ *THE STUDIO BEANS C Carlton,5.0
621,2024-05-07,DEBIT CARD PURCHASE EMPORIUM ESPRESSO PL MELBOURNE,5.3
622,2024-05-07,DEBIT CARD PURCHASE Bowltiful Swanston Melbourne,18.07
623,2024-05-08,DEBIT CARD PURCHASE SQ *LITTLE NIC         West Melbour,4.35
624,2024-05-09,DEBIT CARD PURCHASE KIT ESPRESSO GROUP PTY MELBOURNE,5.0
625,2024-05-10,DEBIT CARD PURCHASE AXIL COFFEE Melbourne,5.15
626,2024-05-11,DEBIT CARD PURCHASE POSTAL HALL MELBOURNE,5.5
627,2024-05-11,DEBIT CARD PURCHASE MATE COMMUNICATE PTY,75.0
628,2024-05-12,DEBIT CARD PURCHASE SQ *LE MIEL ET LA LUNE Carlton,4.59
629,2024-05-13,DEBIT CARD PURCHASE SQ *ST. ALI CANTEEN Melbourne,5.5
630,2024-05-13,DEBIT CARD PURCHASE SPOTLIGHT SOUTH MELBOU,5.5
631,2024-05-14,DEBIT CARD PURCHASE ZANE COFFEE            SOUTH MORANG,4.0
632,2024-05-14,DEBIT CARD PURCHASE FOOD FACTORY MELBOURNE,25.24
633,2024-05-14,DEBIT CARD PURCHASE VIC MEAT SUPPLY P/L MELBOURNE,12.0
634,2024-05-15,DEBIT CARD PURCHASE AXIL COFFEE Melbourne,5.15
635,2024-05-15,DEBIT CARD PURCHASE Villas restaurant Bar Melbourne,22.98
636,2024-05-15,DEBIT CARD PURCHASE MACPAC MELBOURNE MELBOURNE,48.7
637,2024-05-15,DEBIT CARD PURCHASE THE CORNER LARDER MELBOURNE,12.03
638,2024-05-15,PAYMENT BY AUTHORITY TO Vodafone Aus,64.99
639,2024-05-16,DEBIT CARD PURCHASE ACOFFEE Collingwood,5.57
640,2024-05-16,DEBIT CARD PURCHASE AIRBNB Surry Hills,164.75
641,2024-05-17,DEBIT CARD PURCHASE Code Black Brunswick,6.61
642,2024-05-17,EFTPOS DEBIT 0000000 MYKI MELBOURNE,90.0
643,2024-05-18,DEBIT CARD PURCHASE SQ *LITTLE NIC         West Melbour,4.35
644,2024-05-18,EFTPOS DEBIT 0000000 SQ *INTO COFFEE Collingwood,4.5
645,2024-05-19,DEBIT CARD PURCHASE ACOFFEE Collingwood,5.57
